<?xml version="1.0" encoding="UTF-8"?>
<metadata xml:lang="en"><Esri><CreaDate>20231110</CreaDate><CreaTime>11323600</CreaTime><ArcGISFormat>1.0</ArcGISFormat><ArcGISstyle>FGDC CSDGM Metadata</ArcGISstyle><SyncOnce>FALSE</SyncOnce><DataProperties><lineage><Process ToolSource="c:\program files (x86)\arcgis\desktop10.8\ArcToolbox\Toolboxes\Data Management Tools.tbx\DefineProjection" Date="20231110" Time="113236">DefineProjection OLC_Willamete_Valley_Flightline_Swaths_USGS PROJCS['NAD_1983_2011_Oregon_GIC_Lambert_ft',GEOGCS['GCS_NAD83_2011',DATUM['D_NAD83_National_Spatial_Reference_System_2011',SPHEROID['GRS_1980',6378137.0,298.257222101]],PRIMEM['Greenwich',0.0],UNIT['Degree',0.0174532925199433]],PROJECTION['Lambert_Conformal_Conic'],PARAMETER['false_easting',1312335.958],PARAMETER['false_northing',0.0],PARAMETER['central_meridian',-120.5],PARAMETER['standard_parallel_1',43.0],PARAMETER['standard_parallel_2',45.5],PARAMETER['latitude_of_origin',41.75],UNIT['Foot',0.3048]]</Process><Process ToolSource="c:\program files (x86)\arcgis\desktop10.8\ArcToolbox\Toolboxes\Data Management Tools.tbx\CalculateField" Date="20231130" Time="092344">CalculateField OLC_Willamette_Valley_Swaths_OGIC Line_ID "101" VB #</Process><Process ToolSource="c:\program files (x86)\arcgis\desktop10.8\ArcToolbox\Toolboxes\Data Management Tools.tbx\CalculateField" Date="20231130" Time="092419">CalculateField OLC_Willamette_Valley_Swaths_OGIC Line_ID "102" VB #</Process><Process ToolSource="c:\program files (x86)\arcgis\desktop10.8\ArcToolbox\Toolboxes\Data Management Tools.tbx\CalculateField" Date="20231130" Time="092441">CalculateField OLC_Willamette_Valley_Swaths_OGIC Line_ID "103" VB #</Process><Process ToolSource="c:\program files (x86)\arcgis\desktop10.8\ArcToolbox\Toolboxes\Data Management Tools.tbx\CalculateField" Date="20231130" Time="092512">CalculateField OLC_Willamette_Valley_Swaths_OGIC Line_ID "103" VB #</Process><Process ToolSource="c:\program files (x86)\arcgis\desktop10.8\ArcToolbox\Toolboxes\Data Management Tools.tbx\CalculateField" Date="20231130" Time="092700">CalculateField OLC_Willamette_Valley_Swaths_OGIC Line_ID "101" VB #</Process><Process ToolSource="c:\program files (x86)\arcgis\desktop10.8\ArcToolbox\Toolboxes\Data Management Tools.tbx\CalculateField" Date="20231130" Time="092709">CalculateField OLC_Willamette_Valley_Swaths_OGIC Line_ID "102" VB #</Process><Process ToolSource="c:\program files (x86)\arcgis\desktop10.8\ArcToolbox\Toolboxes\Data Management Tools.tbx\CalculateField" Date="20231130" Time="092716">CalculateField OLC_Willamette_Valley_Swaths_OGIC Line_ID "103" VB #</Process><Process ToolSource="c:\program files (x86)\arcgis\desktop10.8\ArcToolbox\Toolboxes\Data Management Tools.tbx\CalculateField" Date="20231130" Time="092735">CalculateField OLC_Willamette_Valley_Swaths_OGIC Line_ID "104" VB #</Process><Process ToolSource="c:\program files (x86)\arcgis\desktop10.8\ArcToolbox\Toolboxes\Data Management Tools.tbx\CalculateField" Date="20231130" Time="094327">CalculateField OLC_Willamette_Valley_Swaths_OGIC Line_ID "105" VB #</Process><Process ToolSource="c:\program files (x86)\arcgis\desktop10.8\ArcToolbox\Toolboxes\Data Management Tools.tbx\CalculateField" Date="20231130" Time="094348">CalculateField OLC_Willamette_Valley_Swaths_OGIC Line_ID "106" VB #</Process><Process ToolSource="c:\program files (x86)\arcgis\desktop10.8\ArcToolbox\Toolboxes\Data Management Tools.tbx\CalculateField" Date="20231130" Time="094406">CalculateField OLC_Willamette_Valley_Swaths_OGIC Line_ID "107" VB #</Process><Process ToolSource="c:\program files (x86)\arcgis\desktop10.8\ArcToolbox\Toolboxes\Data Management Tools.tbx\CalculateField" Date="20231130" Time="094434">CalculateField OLC_Willamette_Valley_Swaths_OGIC Line_ID "108" VB #</Process><Process ToolSource="c:\program files (x86)\arcgis\desktop10.8\ArcToolbox\Toolboxes\Data Management Tools.tbx\CalculateField" Date="20231130" Time="094457">CalculateField OLC_Willamette_Valley_Swaths_OGIC Line_ID "109" VB #</Process><Process ToolSource="c:\program files (x86)\arcgis\desktop10.8\ArcToolbox\Toolboxes\Data Management Tools.tbx\CalculateField" Date="20231130" Time="094514">CalculateField OLC_Willamette_Valley_Swaths_OGIC Line_ID "110" VB #</Process><Process ToolSource="c:\program files (x86)\arcgis\desktop10.8\ArcToolbox\Toolboxes\Data Management Tools.tbx\CalculateField" Date="20231130" Time="094543">CalculateField OLC_Willamette_Valley_Swaths_OGIC Line_ID "112" VB #</Process><Process ToolSource="c:\program files (x86)\arcgis\desktop10.8\ArcToolbox\Toolboxes\Data Management Tools.tbx\CalculateField" Date="20231130" Time="094602">CalculateField OLC_Willamette_Valley_Swaths_OGIC Line_ID "113" VB #</Process><Process ToolSource="c:\program files (x86)\arcgis\desktop10.8\ArcToolbox\Toolboxes\Data Management Tools.tbx\CalculateField" Date="20231130" Time="094945">CalculateField OLC_Willamette_Valley_Swaths_OGIC Line_ID "114" VB #</Process><Process ToolSource="c:\program files (x86)\arcgis\desktop10.8\ArcToolbox\Toolboxes\Data Management Tools.tbx\CalculateField" Date="20231130" Time="095022">CalculateField OLC_Willamette_Valley_Swaths_OGIC Line_ID "115" VB #</Process><Process ToolSource="c:\program files (x86)\arcgis\desktop10.8\ArcToolbox\Toolboxes\Data Management Tools.tbx\CalculateField" Date="20231130" Time="095044">CalculateField OLC_Willamette_Valley_Swaths_OGIC Line_ID "116" VB #</Process><Process ToolSource="c:\program files (x86)\arcgis\desktop10.8\ArcToolbox\Toolboxes\Data Management Tools.tbx\CalculateField" Date="20231130" Time="095119">CalculateField OLC_Willamette_Valley_Swaths_OGIC Line_ID "118" VB #</Process><Process ToolSource="c:\program files (x86)\arcgis\desktop10.8\ArcToolbox\Toolboxes\Data Management Tools.tbx\CalculateField" Date="20231130" Time="095140">CalculateField OLC_Willamette_Valley_Swaths_OGIC Line_ID "119" VB #</Process><Process ToolSource="c:\program files (x86)\arcgis\desktop10.8\ArcToolbox\Toolboxes\Data Management Tools.tbx\CalculateField" Date="20231130" Time="095208">CalculateField OLC_Willamette_Valley_Swaths_OGIC Line_ID "120" VB #</Process><Process ToolSource="c:\program files (x86)\arcgis\desktop10.8\ArcToolbox\Toolboxes\Data Management Tools.tbx\CalculateField" Date="20231130" Time="095230">CalculateField OLC_Willamette_Valley_Swaths_OGIC Line_ID "121" VB #</Process><Process ToolSource="c:\program files (x86)\arcgis\desktop10.8\ArcToolbox\Toolboxes\Data Management Tools.tbx\CalculateField" Date="20231130" Time="095248">CalculateField OLC_Willamette_Valley_Swaths_OGIC Line_ID "122" VB #</Process><Process ToolSource="c:\program files (x86)\arcgis\desktop10.8\ArcToolbox\Toolboxes\Data Management Tools.tbx\CalculateField" Date="20231130" Time="095313">CalculateField OLC_Willamette_Valley_Swaths_OGIC Line_ID "124" VB #</Process><Process ToolSource="c:\program files (x86)\arcgis\desktop10.8\ArcToolbox\Toolboxes\Data Management Tools.tbx\CalculateField" Date="20231130" Time="095334">CalculateField OLC_Willamette_Valley_Swaths_OGIC Line_ID "125" VB #</Process><Process ToolSource="c:\program files (x86)\arcgis\desktop10.8\ArcToolbox\Toolboxes\Data Management Tools.tbx\CalculateField" Date="20231130" Time="095521">CalculateField OLC_Willamette_Valley_Swaths_OGIC Line_ID "126" VB #</Process><Process ToolSource="c:\program files (x86)\arcgis\desktop10.8\ArcToolbox\Toolboxes\Data Management Tools.tbx\CalculateField" Date="20231130" Time="095545">CalculateField OLC_Willamette_Valley_Swaths_OGIC Line_ID "200" VB #</Process><Process ToolSource="c:\program files (x86)\arcgis\desktop10.8\ArcToolbox\Toolboxes\Data Management Tools.tbx\CalculateField" Date="20231130" Time="095603">CalculateField OLC_Willamette_Valley_Swaths_OGIC Line_ID "201" VB #</Process><Process ToolSource="c:\program files (x86)\arcgis\desktop10.8\ArcToolbox\Toolboxes\Data Management Tools.tbx\CalculateField" Date="20231130" Time="095630">CalculateField OLC_Willamette_Valley_Swaths_OGIC Line_ID "202" VB #</Process><Process ToolSource="c:\program files (x86)\arcgis\desktop10.8\ArcToolbox\Toolboxes\Data Management Tools.tbx\CalculateField" Date="20231130" Time="095646">CalculateField OLC_Willamette_Valley_Swaths_OGIC Line_ID "203" VB #</Process><Process ToolSource="c:\program files (x86)\arcgis\desktop10.8\ArcToolbox\Toolboxes\Data Management Tools.tbx\CalculateField" Date="20231130" Time="095708">CalculateField OLC_Willamette_Valley_Swaths_OGIC Line_ID "204" VB #</Process><Process ToolSource="c:\program files (x86)\arcgis\desktop10.8\ArcToolbox\Toolboxes\Data Management Tools.tbx\CalculateField" Date="20231130" Time="095743">CalculateField OLC_Willamette_Valley_Swaths_OGIC Line_ID "205" VB #</Process><Process ToolSource="c:\program files (x86)\arcgis\desktop10.8\ArcToolbox\Toolboxes\Data Management Tools.tbx\CalculateField" Date="20231130" Time="095802">CalculateField OLC_Willamette_Valley_Swaths_OGIC Line_ID "206" VB #</Process><Process ToolSource="c:\program files (x86)\arcgis\desktop10.8\ArcToolbox\Toolboxes\Data Management Tools.tbx\CalculateField" Date="20231130" Time="095829">CalculateField OLC_Willamette_Valley_Swaths_OGIC Line_ID "207" VB #</Process><Process ToolSource="c:\program files (x86)\arcgis\desktop10.8\ArcToolbox\Toolboxes\Data Management Tools.tbx\CalculateField" Date="20231130" Time="095912">CalculateField OLC_Willamette_Valley_Swaths_OGIC Line_ID "208" VB #</Process><Process ToolSource="c:\program files (x86)\arcgis\desktop10.8\ArcToolbox\Toolboxes\Data Management Tools.tbx\CalculateField" Date="20231130" Time="095939">CalculateField OLC_Willamette_Valley_Swaths_OGIC Line_ID "209" VB #</Process><Process ToolSource="c:\program files (x86)\arcgis\desktop10.8\ArcToolbox\Toolboxes\Data Management Tools.tbx\CalculateField" Date="20231130" Time="100001">CalculateField OLC_Willamette_Valley_Swaths_OGIC Line_ID "210" VB #</Process><Process ToolSource="c:\program files (x86)\arcgis\desktop10.8\ArcToolbox\Toolboxes\Data Management Tools.tbx\CalculateField" Date="20231130" Time="100156">CalculateField OLC_Willamette_Valley_Swaths_OGIC Line_ID "211" VB #</Process><Process ToolSource="c:\program files (x86)\arcgis\desktop10.8\ArcToolbox\Toolboxes\Data Management Tools.tbx\CalculateField" Date="20231130" Time="100212">CalculateField OLC_Willamette_Valley_Swaths_OGIC Line_ID "212" VB #</Process><Process ToolSource="c:\program files (x86)\arcgis\desktop10.8\ArcToolbox\Toolboxes\Data Management Tools.tbx\CalculateField" Date="20231130" Time="100235">CalculateField OLC_Willamette_Valley_Swaths_OGIC Line_ID "213" VB #</Process><Process ToolSource="c:\program files (x86)\arcgis\desktop10.8\ArcToolbox\Toolboxes\Data Management Tools.tbx\CalculateField" Date="20231130" Time="100252">CalculateField OLC_Willamette_Valley_Swaths_OGIC Line_ID "214" VB #</Process><Process ToolSource="c:\program files (x86)\arcgis\desktop10.8\ArcToolbox\Toolboxes\Data Management Tools.tbx\CalculateField" Date="20231130" Time="100644">CalculateField OLC_Willamette_Valley_Swaths_OGIC Line_ID "215" VB #</Process><Process ToolSource="c:\program files (x86)\arcgis\desktop10.8\ArcToolbox\Toolboxes\Data Management Tools.tbx\CalculateField" Date="20231130" Time="100704">CalculateField OLC_Willamette_Valley_Swaths_OGIC Line_ID "216" VB #</Process><Process ToolSource="c:\program files (x86)\arcgis\desktop10.8\ArcToolbox\Toolboxes\Data Management Tools.tbx\CalculateField" Date="20231130" Time="100721">CalculateField OLC_Willamette_Valley_Swaths_OGIC Line_ID "217" VB #</Process><Process ToolSource="c:\program files (x86)\arcgis\desktop10.8\ArcToolbox\Toolboxes\Data Management Tools.tbx\CalculateField" Date="20231130" Time="100746">CalculateField OLC_Willamette_Valley_Swaths_OGIC Line_ID "300" VB #</Process><Process ToolSource="c:\program files (x86)\arcgis\desktop10.8\ArcToolbox\Toolboxes\Data Management Tools.tbx\CalculateField" Date="20231130" Time="100804">CalculateField OLC_Willamette_Valley_Swaths_OGIC Line_ID "302" VB #</Process><Process ToolSource="c:\program files (x86)\arcgis\desktop10.8\ArcToolbox\Toolboxes\Data Management Tools.tbx\CalculateField" Date="20231130" Time="100832">CalculateField OLC_Willamette_Valley_Swaths_OGIC Line_ID "303" VB #</Process><Process ToolSource="c:\program files (x86)\arcgis\desktop10.8\ArcToolbox\Toolboxes\Data Management Tools.tbx\CalculateField" Date="20231130" Time="100854">CalculateField OLC_Willamette_Valley_Swaths_OGIC Line_ID "304" VB #</Process><Process ToolSource="c:\program files (x86)\arcgis\desktop10.8\ArcToolbox\Toolboxes\Data Management Tools.tbx\CalculateField" Date="20231130" Time="101017">CalculateField OLC_Willamette_Valley_Swaths_OGIC Line_ID "305" VB #</Process><Process ToolSource="c:\program files (x86)\arcgis\desktop10.8\ArcToolbox\Toolboxes\Data Management Tools.tbx\CalculateField" Date="20231130" Time="101335">CalculateField OLC_Willamette_Valley_Swaths_OGIC Line_ID "306" VB #</Process><Process ToolSource="c:\program files (x86)\arcgis\desktop10.8\ArcToolbox\Toolboxes\Data Management Tools.tbx\CalculateField" Date="20231130" Time="101517">CalculateField OLC_Willamette_Valley_Swaths_OGIC Line_ID "307" VB #</Process><Process ToolSource="c:\program files (x86)\arcgis\desktop10.8\ArcToolbox\Toolboxes\Data Management Tools.tbx\CalculateField" Date="20231130" Time="101705">CalculateField OLC_Willamette_Valley_Swaths_OGIC Line_ID "308" VB #</Process><Process ToolSource="c:\program files (x86)\arcgis\desktop10.8\ArcToolbox\Toolboxes\Data Management Tools.tbx\CalculateField" Date="20231130" Time="101720">CalculateField OLC_Willamette_Valley_Swaths_OGIC Line_ID "309" VB #</Process><Process ToolSource="c:\program files (x86)\arcgis\desktop10.8\ArcToolbox\Toolboxes\Data Management Tools.tbx\CalculateField" Date="20231130" Time="101736">CalculateField OLC_Willamette_Valley_Swaths_OGIC Line_ID "310" VB #</Process><Process ToolSource="c:\program files (x86)\arcgis\desktop10.8\ArcToolbox\Toolboxes\Data Management Tools.tbx\CalculateField" Date="20231130" Time="102443">CalculateField OLC_Willamette_Valley_Swaths_OGIC Line_ID "311" VB #</Process><Process ToolSource="c:\program files (x86)\arcgis\desktop10.8\ArcToolbox\Toolboxes\Data Management Tools.tbx\CalculateField" Date="20231130" Time="102740">CalculateField OLC_Willamette_Valley_Swaths_OGIC Line_ID "312" VB #</Process><Process ToolSource="c:\program files (x86)\arcgis\desktop10.8\ArcToolbox\Toolboxes\Data Management Tools.tbx\CalculateField" Date="20231130" Time="103242">CalculateField OLC_Willamette_Valley_Swaths_OGIC Line_ID "313" VB #</Process><Process ToolSource="c:\program files (x86)\arcgis\desktop10.8\ArcToolbox\Toolboxes\Data Management Tools.tbx\CalculateField" Date="20231130" Time="103258">CalculateField OLC_Willamette_Valley_Swaths_OGIC Line_ID "315" VB #</Process><Process ToolSource="c:\program files (x86)\arcgis\desktop10.8\ArcToolbox\Toolboxes\Data Management Tools.tbx\CalculateField" Date="20231130" Time="103608">CalculateField OLC_Willamette_Valley_Swaths_OGIC Line_ID "316" VB #</Process><Process ToolSource="c:\program files (x86)\arcgis\desktop10.8\ArcToolbox\Toolboxes\Data Management Tools.tbx\CalculateField" Date="20231130" Time="103626">CalculateField OLC_Willamette_Valley_Swaths_OGIC Line_ID "317" VB #</Process><Process ToolSource="c:\program files (x86)\arcgis\desktop10.8\ArcToolbox\Toolboxes\Data Management Tools.tbx\CalculateField" Date="20231130" Time="103642">CalculateField OLC_Willamette_Valley_Swaths_OGIC Line_ID "318" VB #</Process><Process ToolSource="c:\program files (x86)\arcgis\desktop10.8\ArcToolbox\Toolboxes\Data Management Tools.tbx\CalculateField" Date="20231130" Time="103659">CalculateField OLC_Willamette_Valley_Swaths_OGIC Line_ID "319" VB #</Process><Process ToolSource="c:\program files (x86)\arcgis\desktop10.8\ArcToolbox\Toolboxes\Data Management Tools.tbx\CalculateField" Date="20231130" Time="103713">CalculateField OLC_Willamette_Valley_Swaths_OGIC Line_ID "320" VB #</Process></lineage><itemProps><itemName Sync="TRUE">OLC_Willamete_Valley_Flightline_Swaths_USGS</itemName><imsContentType Sync="TRUE">002</imsContentType><nativeExtBox><westBL Sync="TRUE">549539.295327</westBL><eastBL Sync="TRUE">744215.485615</eastBL><southBL Sync="TRUE">813991.638786</southBL><northBL Sync="TRUE">1230575.948208</northBL><exTypeCode Sync="TRUE">1</exTypeCode></nativeExtBox><itemSize Sync="TRUE">1.337</itemSize><itemLocation><linkage Sync="TRUE">file://\\cvo-isi-data.prodna.quantumspatial.com\project_data\2023_OR_OLC_WillameteValley_041892\07_Deliverables\00_Deliverables\Vectors\Flightline_Swaths\OLC_Willamete_Valley_Flightline_Swaths_USGS.shp</linkage><protocol Sync="TRUE">Local Area Network</protocol></itemLocation></itemProps><coordRef><type Sync="TRUE">Projected</type><geogcsn Sync="TRUE">GCS_NAD83_2011</geogcsn><csUnits Sync="TRUE">Linear Unit: Foot (0.304800)</csUnits><projcsn Sync="TRUE">NAD_1983_2011_Oregon_GIC_Lambert_ft</projcsn><peXml Sync="TRUE">&lt;ProjectedCoordinateSystem xsi:type='typens:ProjectedCoordinateSystem' xmlns:xsi='http://www.w3.org/2001/XMLSchema-instance' xmlns:xs='http://www.w3.org/2001/XMLSchema' xmlns:typens='http://www.esri.com/schemas/ArcGIS/10.8'&gt;&lt;WKT&gt;PROJCS[&amp;quot;NAD_1983_2011_Oregon_GIC_Lambert_ft&amp;quot;,GEOGCS[&amp;quot;GCS_NAD83_2011&amp;quot;,DATUM[&amp;quot;D_NAD83_National_Spatial_Reference_System_2011&amp;quot;,SPHEROID[&amp;quot;GRS_1980&amp;quot;,6378137.0,298.257222101]],PRIMEM[&amp;quot;Greenwich&amp;quot;,0.0],UNIT[&amp;quot;Degree&amp;quot;,0.0174532925199433]],PROJECTION[&amp;quot;Lambert_Conformal_Conic&amp;quot;],PARAMETER[&amp;quot;false_easting&amp;quot;,1312335.958],PARAMETER[&amp;quot;false_northing&amp;quot;,0.0],PARAMETER[&amp;quot;central_meridian&amp;quot;,-120.5],PARAMETER[&amp;quot;standard_parallel_1&amp;quot;,43.0],PARAMETER[&amp;quot;standard_parallel_2&amp;quot;,45.5],PARAMETER[&amp;quot;latitude_of_origin&amp;quot;,41.75],UNIT[&amp;quot;Foot&amp;quot;,0.3048]]&lt;/WKT&gt;&lt;XOrigin&gt;-118489100&lt;/XOrigin&gt;&lt;YOrigin&gt;-97381100&lt;/YOrigin&gt;&lt;XYScale&gt;37592196.316242374&lt;/XYScale&gt;&lt;ZOrigin&gt;-100000&lt;/ZOrigin&gt;&lt;ZScale&gt;10000&lt;/ZScale&gt;&lt;MOrigin&gt;-100000&lt;/MOrigin&gt;&lt;MScale&gt;10000&lt;/MScale&gt;&lt;XYTolerance&gt;0.0032808398950131233&lt;/XYTolerance&gt;&lt;ZTolerance&gt;0.001&lt;/ZTolerance&gt;&lt;MTolerance&gt;0.001&lt;/MTolerance&gt;&lt;HighPrecision&gt;true&lt;/HighPrecision&gt;&lt;/ProjectedCoordinateSystem&gt;</peXml></coordRef></DataProperties><SyncDate>20231110</SyncDate><SyncTime>13434500</SyncTime><ModDate>20231110</ModDate><ModTime>13434500</ModTime></Esri><dataIdInfo><envirDesc Sync="TRUE"> Version 6.2 (Build 9200) ; Esri ArcGIS 10.8.1.14362</envirDesc><dataLang><languageCode value="eng" Sync="TRUE"></languageCode><countryCode value="USA" Sync="TRUE"></countryCode></dataLang><idCitation><resTitle Sync="TRUE">OLC_Willamete_Valley_Flightline_Swaths_USGS</resTitle><presForm><PresFormCd value="005" Sync="TRUE"></PresFormCd></presForm></idCitation><spatRpType><SpatRepTypCd value="001" Sync="TRUE"></SpatRepTypCd></spatRpType><dataExt><geoEle><GeoBndBox esriExtentType="search"><exTypeCode Sync="TRUE">1</exTypeCode><westBL Sync="TRUE">-123.454327</westBL><eastBL Sync="TRUE">-122.658353</eastBL><northBL Sync="TRUE">45.105108</northBL><southBL Sync="TRUE">43.946173</southBL></GeoBndBox></geoEle></dataExt></dataIdInfo><mdLang><languageCode value="eng" Sync="TRUE"></languageCode><countryCode value="USA" Sync="TRUE"></countryCode></mdLang><mdChar><CharSetCd value="004" Sync="TRUE"></CharSetCd></mdChar><distInfo><distFormat><formatName Sync="TRUE">Shapefile</formatName></distFormat><distTranOps><transSize Sync="TRUE">1.337</transSize></distTranOps></distInfo><mdHrLv><ScopeCd value="005" Sync="TRUE"></ScopeCd></mdHrLv><mdHrLvName Sync="TRUE">dataset</mdHrLvName><refSysInfo><RefSystem><refSysID><identCode code="0" Sync="TRUE"></identCode></refSysID></RefSystem></refSysInfo><spatRepInfo><VectSpatRep><geometObjs Name="OLC_Willamete_Valley_Flightline_Swaths_USGS"><geoObjTyp><GeoObjTypCd value="002" Sync="TRUE"></GeoObjTypCd></geoObjTyp><geoObjCnt Sync="TRUE">60</geoObjCnt></geometObjs><topLvl><TopoLevCd value="001" Sync="TRUE"></TopoLevCd></topLvl></VectSpatRep></spatRepInfo><spdoinfo><ptvctinf><esriterm Name="OLC_Willamete_Valley_Flightline_Swaths_USGS"><efeatyp Sync="TRUE">Simple</efeatyp><efeageom code="4" Sync="TRUE"></efeageom><esritopo Sync="TRUE">FALSE</esritopo><efeacnt Sync="TRUE">60</efeacnt><spindex Sync="TRUE">FALSE</spindex><linrefer Sync="TRUE">FALSE</linrefer></esriterm></ptvctinf></spdoinfo><eainfo><detailed Name="OLC_Willamete_Valley_Flightline_Swaths_USGS"><enttyp><enttypl Sync="TRUE">OLC_Willamete_Valley_Flightline_Swaths_USGS</enttypl><enttypt Sync="TRUE">Feature Class</enttypt><enttypc Sync="TRUE">60</enttypc></enttyp><attr><attrlabl Sync="TRUE">FID</attrlabl><attalias Sync="TRUE">FID</attalias><attrtype Sync="TRUE">OID</attrtype><attwidth Sync="TRUE">4</attwidth><atprecis Sync="TRUE">0</atprecis><attscale Sync="TRUE">0</attscale><attrdef Sync="TRUE">Internal feature number.</attrdef><attrdefs Sync="TRUE">Esri</attrdefs><attrdomv><udom Sync="TRUE">Sequential unique whole numbers that are automatically generated.</udom></attrdomv></attr><attr><attrlabl Sync="TRUE">Shape</attrlabl><attalias Sync="TRUE">Shape</attalias><attrtype Sync="TRUE">Geometry</attrtype><attwidth Sync="TRUE">0</attwidth><atprecis Sync="TRUE">0</atprecis><attscale Sync="TRUE">0</attscale><attrdef Sync="TRUE">Feature geometry.</attrdef><attrdefs Sync="TRUE">Esri</attrdefs><attrdomv><udom Sync="TRUE">Coordinates defining the features.</udom></attrdomv></attr><attr><attrlabl Sync="TRUE">Lift_ID</attrlabl><attalias Sync="TRUE">Lift_ID</attalias><attrtype Sync="TRUE">String</attrtype><attwidth Sync="TRUE">80</attwidth><atprecis Sync="TRUE">0</atprecis><attscale Sync="TRUE">0</attscale></attr><attr><attrlabl Sync="TRUE">FlightDate</attrlabl><attalias Sync="TRUE">FlightDate</attalias><attrtype Sync="TRUE">String</attrtype><attwidth Sync="TRUE">80</attwidth><atprecis Sync="TRUE">0</atprecis><attscale Sync="TRUE">0</attscale></attr><attr><attrlabl Sync="TRUE">StartTime</attrlabl><attalias Sync="TRUE">StartTime</attalias><attrtype Sync="TRUE">Double</attrtype><attwidth Sync="TRUE">24</attwidth><atprecis Sync="TRUE">23</atprecis><attscale Sync="TRUE">15</attscale></attr><attr><attrlabl Sync="TRUE">EndTime</attrlabl><attalias Sync="TRUE">EndTime</attalias><attrtype Sync="TRUE">Double</attrtype><attwidth Sync="TRUE">24</attwidth><atprecis Sync="TRUE">23</atprecis><attscale Sync="TRUE">15</attscale></attr></detailed></eainfo><mdDateSt Sync="TRUE">20231110</mdDateSt></metadata>
